{"cameraMode":{"drawMode":0,"name":"Shaded","section":"Shading Mode"},"sceneLighting":true,"audioPlay":false,"sceneViewState":{"showFog":true,"showMaterialUpdate":false,"showSkybox":true,"showFlares":true,"showImageEffects":true,"showParticleSystems":true},"in2DMode":false,"pivot":{"x":0.4197818338871002,"y":0.000663702841848135,"z":0.0019111362053081394},"rotation":{"x":0.11829330027103424,"y":0.37031760811805727,"z":-0.04664825648069382,"w":0.9201713800430298},"size":1.8553345203399659,"orthographic":true}