{"cameraMode":{"drawMode":0,"name":"Shaded","section":"Shading Mode"},"sceneLighting":true,"audioPlay":false,"sceneViewState":{"showFog":true,"showMaterialUpdate":false,"showSkybox":true,"showFlares":true,"showImageEffects":true,"showParticleSystems":true},"in2DMode":false,"pivot":{"x":6.063000202178955,"y":4.3191399574279789,"z":6.013000011444092},"rotation":{"x":0.20354518294334413,"y":0.3097514510154724,"z":-0.067119300365448,"w":0.9263478517532349},"size":0.000017344029402011074,"orthographic":true}