{"cameraMode":{"drawMode":0,"name":"Shaded","section":"Shading Mode"},"sceneLighting":true,"audioPlay":false,"sceneViewState":{"showFog":true,"showMaterialUpdate":false,"showSkybox":false,"showFlares":true,"showImageEffects":true,"showParticleSystems":true},"in2DMode":false,"pivot":{"x":6.063000202178955,"y":4.318999767303467,"z":6.013000011444092},"rotation":{"x":0.033013708889484408,"y":0.494390606880188,"z":-0.017788942903280259,"w":0.8684327602386475},"size":0.09534011781215668,"orthographic":true}