{"cameraMode":{"drawMode":0,"name":"Shaded","section":"Shading Mode"},"sceneLighting":true,"audioPlay":false,"sceneViewState":{"showFog":true,"showMaterialUpdate":false,"showSkybox":true,"showFlares":true,"showImageEffects":true,"showParticleSystems":true},"in2DMode":false,"pivot":{"x":319.7079772949219,"y":1083.26513671875,"z":-8.124825477600098},"rotation":{"x":0.023942740634083749,"y":-0.040456581860780719,"z":0.0018436680547893048,"w":0.9988953471183777},"size":195.42584228515626,"orthographic":true}