{"cameraMode":{"drawMode":0,"name":"Shaded","section":"Shading Mode"},"sceneLighting":true,"audioPlay":false,"sceneViewState":{"showFog":true,"showMaterialUpdate":false,"showSkybox":true,"showFlares":true,"showImageEffects":true,"showParticleSystems":true},"in2DMode":false,"pivot":{"x":1083.836669921875,"y":572.509033203125,"z":19.06096076965332},"rotation":{"x":0.014890124090015889,"y":-0.07491013407707215,"z":0.0020151070784777405,"w":0.9970878958702087},"size":1202.5916748046875,"orthographic":true}